titre,Categorie,Ville,prix
S+1 Ã  louer pour les vacances,Appartements,"Nabeul, 3 minutes ago",100
Local de 50 mettres carrÃ©s plein centre ville de Tunis ,"Magasins, Commerces et Locaux industriels","Tunis, 3 minutes ago",1600
"A vendre #Terrain d'angle faisant 571mÂ² Ã  khezama Ouest ,",Terrains et Fermes,"Sousse, 4 minutes ago",1250
Location usine de 3450mÂ² dans la zone industrielle DOUAR HICHER.,"Magasins, Commerces et Locaux industriels","La Manouba, 5 minutes ago",60
Local commercial Ã  louer Ã  l'Mnihla,"Magasins, Commerces et Locaux industriels","Ariana, 5 minutes ago",650
Location studio s+1,Locations de vacances,"Nabeul, 6 minutes ago",350
en location un luxueux bureau de type A+2 situÃ© au ğœğğ§ğ­ğ«ğ ğ¯ğ¢ğ¥ğ¥ğ ğğ ğ’ğ¨ğ®ğ¬ğ¬ğ,Bureaux et Plateaux,"Sousse, 7 minutes ago",1500
(85Ù…) Ø£Ø±Ø¶ Ù„Ù„Ø¨ÙŠØ¹ Ù‚Ø±Ø¨ Ø§Ù„Ù…Ø­ÙƒÙ…Ø© Ùˆ Ø§Ù„ÙˆÙ„Ø§ÙŠØ© Ø¨Ù† Ø¹Ø±ÙˆØ³ R+4 (Ø´ÙˆØ´Ø© Ø±Ø§Ø¯Ø³) Ø´ÙŠØ§Ø¹,Terrains et Fermes,"Ben Arous, 7 minutes ago",119000
fond de commerce Ã  vendre,"Magasins, Commerces et Locaux industriels","Ariana, 7 minutes ago",123456
S+1 Ã  louer pour les vacances,Appartements,"Nabeul, 3 minutes ago",100
Local de 50 mettres carrÃ©s plein centre ville de Tunis ,"Magasins, Commerces et Locaux industriels","Tunis, 3 minutes ago",1600
"A vendre #Terrain d'angle faisant 571mÂ² Ã  khezama Ouest ,",Terrains et Fermes,"Sousse, 4 minutes ago",1250
Location usine de 3450mÂ² dans la zone industrielle DOUAR HICHER.,"Magasins, Commerces et Locaux industriels","La Manouba, 5 minutes ago",60
Local commercial Ã  louer Ã  l'Mnihla,"Magasins, Commerces et Locaux industriels","Ariana, 5 minutes ago",650
Location studio s+1,Locations de vacances,"Nabeul, 6 minutes ago",350
en location un luxueux bureau de type A+2 situÃ© au ğœğğ§ğ­ğ«ğ ğ¯ğ¢ğ¥ğ¥ğ ğğ ğ’ğ¨ğ®ğ¬ğ¬ğ,Bureaux et Plateaux,"Sousse, 7 minutes ago",1500
(85Ù…) Ø£Ø±Ø¶ Ù„Ù„Ø¨ÙŠØ¹ Ù‚Ø±Ø¨ Ø§Ù„Ù…Ø­ÙƒÙ…Ø© Ùˆ Ø§Ù„ÙˆÙ„Ø§ÙŠØ© Ø¨Ù† Ø¹Ø±ÙˆØ³ R+4 (Ø´ÙˆØ´Ø© Ø±Ø§Ø¯Ø³) Ø´ÙŠØ§Ø¹,Terrains et Fermes,"Ben Arous, 7 minutes ago",119000
fond de commerce Ã  vendre,"Magasins, Commerces et Locaux industriels","Ariana, 7 minutes ago",123456
